param_modelo__max_depth,param_modelo__min_samples_leaf,mean_test_score,std_test_score,rank_test_score
5,1,0.73,0.019235384061671364,1
5,5,0.7299999999999999,0.02073644135332774,2
5,2,0.728,0.02088061301782112,3
4,20,0.7210000000000001,0.04454211490264018,4
3,5,0.72,0.04347413023856832,5
3,10,0.72,0.04347413023856832,5
5,10,0.7190000000000001,0.027459060435491987,7
7,5,0.719,0.033823069050575534,8
3,1,0.718,0.044339598554790735,9
3,2,0.718,0.044339598554790735,9
5,20,0.717,0.02874021572639983,11
10,5,0.7169999999999999,0.009273618495495711,12
10,10,0.716,0.02154065922853799,13
,10,0.716,0.02154065922853799,13
3,20,0.7150000000000001,0.040620192023179805,15
4,5,0.708,0.04975942121849892,16
4,10,0.708,0.05173006862551026,16
7,20,0.7070000000000001,0.03059411708155669,18
7,1,0.707,0.016000000000000014,19
7,10,0.7060000000000001,0.03307567081708244,20
4,1,0.7050000000000001,0.048476798574163295,21
10,2,0.705,0.01870828693386968,22
,5,0.7049999999999998,0.013784048752090194,23
4,2,0.704,0.04903060268852505,24
10,1,0.704,0.018814887722226795,24
,2,0.704,0.03916631205513227,24
10,20,0.702,0.026570660511172826,27
,20,0.702,0.026570660511172826,27
7,2,0.702,0.018601075237738265,27
1,2,0.7,0.0,30
2,20,0.7,0.04847679857416329,30
2,10,0.7,0.04847679857416329,30
2,5,0.7,0.04847679857416329,30
2,2,0.7,0.04847679857416329,30
2,1,0.7,0.04847679857416329,30
1,20,0.7,0.0,30
1,10,0.7,0.0,30
1,5,0.7,0.0,30
1,1,0.7,0.0,30
,1,0.6980000000000001,0.016911534525287736,40
